#{"t_start": 1787137381.6571233, "env_id": "None"}
r,l,t
-48.320567,588,7.104893
-38.044979,395,8.458227
-55.858533,373,12.481278
-36.884141,588,14.97021
20.440023,2500,31.377939
-30.717419,1476,38.184388
28.351554,2500,52.215306
184.757997,2500,64.504709
126.49638,2500,77.883411
202.953297,2500,89.809471
149.36838,2241,101.654475
228.336003,2500,115.645706
-6.002684,1439,122.042211
198.035201,2023,133.071633
294.370779,2500,146.658219
255.741416,1880,157.041667
24.257739,847,161.758844
231.304915,2472,175.522898
294.615577,2500,189.425651
296.640568,2500,203.808408
142.270448,1821,217.188709
345.853964,2500,239.497359
332.452971,2500,257.014016
349.464378,2500,275.010007
380.724952,2500,290.485838
363.86981,2500,305.286416
203.318235,1090,313.601284
336.70942,2500,329.070716
380.2294,2500,343.999823
479.68631,2314,359.73292
341.905147,1537,368.774456
335.78963,2277,382.945246
353.096915,2386,399.281298
344.116515,2361,414.083562
397.820771,1982,426.327542
491.018534,1600,437.357845
395.970227,1836,447.276932
381.423789,1531,458.35991
502.37385,1048,464.455037
515.685114,1196,471.231125
179.951868,925,477.173901
353.738685,2303,490.654087
487.865813,1867,503.416868
341.125322,1956,516.407312
396.354938,2500,529.945173
358.958346,1817,539.944323
350.062931,2225,551.400825
480.817348,2065,562.71716
502.695957,1368,571.432676
517.909774,1216,577.529905
503.931643,983,582.874005
497.918396,1358,590.040382
485.192307,1804,601.115078
488.580025,929,606.779094
488.82086,880,611.902925
330.392666,2409,624.540118
504.306846,1005,630.137763
482.197899,2309,644.426628
453.844643,1626,655.301811
324.90478,1593,664.391777
480.326023,871,670.320406
478.137549,1002,677.070024
487.557542,865,683.344058
490.540149,1569,694.810031
350.50246,1446,703.330888
487.546969,876,708.727156
473.617826,1442,716.453493
504.964097,998,722.421288
485.167185,857,728.147475
477.641595,757,733.04765
489.366992,861,738.59165
485.791703,906,744.215918
487.53351,870,747.926458
487.245189,899,753.482715
476.521338,806,759.19699
491.524766,915,765.198461
478.789682,799,770.630448
473.36087,840,775.84369
469.52658,723,778.826246
473.755704,797,784.180592
477.307319,858,789.541527
468.952523,766,794.75421
478.740816,810,798.238344
472.574893,769,803.282497
470.298693,788,808.370976
472.532819,768,813.748292
471.805137,862,817.563637
463.031556,731,822.323
468.239083,749,827.434844
466.567261,744,832.300398
470.820774,831,835.615237
467.709043,738,840.655353
469.441092,770,846.108549
469.868891,720,850.784753
468.206937,677,853.568702
462.808316,671,858.4358
466.414591,700,863.422832
465.954984,737,866.665173
467.290344,754,871.965669
464.655127,730,876.953583
469.859881,742,882.153738
463.094061,724,885.229911
462.367613,656,889.876686
460.520195,722,894.953884
469.104556,723,898.203958
467.31316,697,903.069539
466.28777,671,907.863345
467.516644,694,910.968717
461.884282,645,915.198655
467.456031,676,920.083983
460.462824,631,922.969505
460.775517,634,927.691678
467.455941,664,930.554357
467.901584,683,935.23322
462.71816,669,940.078819
460.78571,639,942.554694
462.92157,672,947.28165
464.864722,676,952.083292
463.916372,661,954.596411
459.808895,643,959.178226
463.816768,643,963.87358
461.35693,629,966.671255
460.057409,618,971.628199
460.71487,616,974.504325
462.186924,640,978.962342
460.099598,619,983.310304
459.919446,616,985.961574
458.492123,606,990.477582
462.938405,667,995.390048
453.951771,571,997.859258
460.349013,622,1002.553464
463.211712,660,1005.387965
458.024936,592,1009.850536
459.146845,606,1013.746109
456.381801,583,1016.202674
458.03117,616,1020.810545
452.857579,565,1022.978537
458.784724,606,1027.529876
454.487432,577,1030.196743
459.697509,631,1035.035568
461.520021,629,1039.842054
462.485342,633,1042.399101
455.104646,564,1046.492939
457.184121,576,1048.774967
453.556618,571,1053.070037
458.470239,622,1057.868862
454.862758,569,1060.283598
463.669427,625,1064.970996
457.71829,593,1067.426729
453.176021,542,1071.730632
455.90929,567,1074.130141
457.385048,611,1078.95646
460.587813,622,1083.949641
452.363891,538,1086.261706
455.321016,558,1090.747312
459.335505,639,1093.629263
457.623514,628,1098.437987
459.247303,643,1101.388327
455.325279,606,1106.101775
459.105227,606,1110.744021
457.974295,584,1113.236878
458.863437,592,1117.678396
458.909147,592,1120.559423
456.960381,603,1125.061842
455.853128,585,1129.742068
455.093705,570,1131.944854
455.646967,575,1136.183358
455.254647,567,1138.661544
457.670034,598,1143.051788
452.395801,536,1145.362953
454.204584,562,1149.699091
458.340447,595,1152.590072
455.571065,567,1156.835087
454.493661,558,1161.312708
459.908545,623,1163.752004
458.969725,632,1168.562855
460.737687,612,1171.290591
457.399382,589,1176.074235
459.077885,601,1181.058919
454.174811,561,1183.434784
454.377533,556,1187.97474
452.962485,560,1190.170775
455.59259,568,1194.621212
452.6934,525,1196.743634
454.574296,562,1201.120456
454.618217,563,1203.422116
454.904599,565,1207.661828
453.875426,577,1210.045188
453.88961,544,1214.24653
455.737293,566,1218.682165
455.713268,558,1221.06151
457.776255,588,1225.523211
455.941391,588,1228.01193
457.071555,571,1232.378364
454.352072,579,1234.762394
454.612592,568,1239.331613
456.55822,633,1243.926316
453.851099,546,1246.16207
458.849651,578,1250.63795
450.758249,521,1252.754276
453.145239,538,1256.934579
453.770608,539,1259.209467
455.867939,577,1263.656066
455.701915,561,1266.118412
457.91616,577,1270.915151
456.790802,595,1273.912251
451.329455,519,1278.081708
455.047359,563,1282.559561
451.593196,519,1284.651999
450.616531,511,1288.895145
452.149873,528,1291.233884
456.425037,591,1295.467929
456.021858,566,1298.161276
450.620932,512,1302.463598
455.599442,572,1304.681066
453.149287,565,1309.278092
451.910996,510,1311.553087
450.234454,502,1315.53998
450.178697,527,1317.736987
453.628408,562,1322.125401
451.630527,560,1324.560945
455.264694,556,1329.027973
455.168819,573,1331.732826
453.690901,557,1335.997555
454.67649,551,1340.649462
456.557687,569,1343.079218
453.533749,554,1347.636343
456.879536,566,1349.861426
455.944372,571,1354.322876
456.211872,567,1356.766317
457.042681,581,1361.355825
449.297121,511,1364.021806
453.259887,543,1368.382221
454.031979,564,1370.92453
452.422039,531,1374.992846
449.936522,539,1379.427897
452.435253,536,1381.48661
452.858692,522,1385.423863
454.932301,564,1387.619415
454.801629,567,1391.854795
456.410931,582,1394.199273
456.193302,575,1398.466419
450.518067,524,1400.884254
455.564996,559,1405.300308
453.820914,544,1407.608958
451.673893,521,1411.468774
455.194838,552,1413.661418
449.722323,514,1417.754828
449.846375,503,1419.91347
452.827716,534,1424.021114
455.12249,562,1426.51073
451.788307,538,1431.10916
451.314887,534,1435.692606
451.228664,512,1437.828929
453.076107,551,1442.297978
453.549637,554,1444.62127
449.526685,520,1448.968879
453.434044,536,1451.228495
454.881413,563,1455.590856
454.065018,552,1457.817525
450.173293,511,1461.535223
453.836004,536,1464.28971
449.546272,504,1469.084936
452.161005,529,1471.342762
455.779347,552,1475.495819
455.986326,565,1478.061387
453.638416,530,1482.305599
452.555421,531,1484.813288
452.986284,537,1489.142539
452.850035,538,1491.405708
456.071426,556,1495.699065
451.620028,529,1499.932044
453.178808,536,1502.036947
456.191848,550,1506.353583
449.321917,500,1508.492527
449.970256,514,1512.531769
450.464103,504,1514.704082
456.490918,574,1519.323908
456.674354,564,1521.529341
450.264932,508,1525.484036
454.171841,541,1527.570468
449.710879,515,1532.230742
453.161748,536,1534.704333
